{
  "PSNR": 10.135606609357566,
  "SSIM": 0.25726816058158875
}